{
  "swagger" : "2.0",
  "info" : {
    "title" : "registration",
    "version" : "1.0.0",
    "description" : "registration"
  },
  "paths" : {
    "/validate_atm_pin" : {
      "get" : {
        "operationId" : "getValidate_atm_pin",
        "responses" : {
          "200" : {
            "description" : "The operation was successful.",
            "schema" : {
              "$ref" : "#/definitions/registeration"
            }
          }
        },
        "produces" : [ "application/json" ],
        "description" : "Retrieve validate_atm_pin",
        "parameters" : [ {
          "name" : "bank-id",
          "in" : "query",
          "type" : "string",
          "required" : true
        } ]
      }
    },
    "/validate_receiver_account" : {
      "get" : {
        "operationId" : "getValidate_receiver_account",
        "responses" : {
          "200" : {
            "description" : "The operation was successful.",
            "schema" : {
              "$ref" : "#/definitions/registeration"
            }
          }
        },
        "produces" : [ "application/json" ],
        "description" : "Retrieve validate_receiver_account",
        "parameters" : [ {
          "name" : "bank-id",
          "in" : "query",
          "type" : "string",
          "required" : true
        } ]
      }
    },
    "/request_add_account" : {
      "get" : {
        "operationId" : "getRequest_add_account",
        "responses" : {
          "200" : {
            "description" : "The operation was successful.",
            "schema" : {
              "$ref" : "#/definitions/registeration"
            }
          }
        },
        "produces" : [ "application/json" ],
        "description" : "Retrieve request_add_account",
        "parameters" : [ {
          "name" : "ipa",
          "in" : "query",
          "type" : "string",
          "required" : true
        }, {
          "name" : "bank-id",
          "in" : "query",
          "type" : "string",
          "required" : true
        } ]
      }
    },
    "/add_account" : {
      "post" : {
        "operationId" : "postAdd_account",
        "responses" : {
          "200" : {
            "description" : "The operation was successful."
          }
        },
        "consumes" : [ "application/json" ],
        "produces" : [ "application/json" ],
        "description" : "Insert a add_account",
        "parameters" : [ {
          "name" : "body",
          "in" : "body",
          "schema" : {
            "type" : "string"
          },
          "description" : "The request body for the operation",
          "required" : true
        }, {
          "name" : "status",
          "in" : "query",
          "type" : "boolean",
          "required" : true
        }, {
          "name" : "account-key",
          "in" : "query",
          "type" : "string",
          "required" : true
        } ]
      }
    }
  },
  "basePath" : "/tech_hub_pay/v1",
  "definitions" : {
    "registeration" : {
      "type" : "object",
      "properties" : {
        "isUnique" : {
          "type" : "boolean"
        }
      }
    }
  }
}